<?xml version="1.0" encoding="UTF-8"?>
<sieuthi>
    <hoadon>
        <mahoadon>HD01</mahoadon>
        <ngaylap>18.02.2020</ngaylap>
        <khachhang>Van Anh</khachhang>
        <hanghoa>
            <tenhang></tenhang>
            <soluong></soluong>
            <dongia></dongia>
        </hanghoa>
         <hanghoa>
            <tenhang></tenhang>
            <soluong></soluong>
            <dongia></dongia>
        </hanghoa>
         <hanghoa>
            <tenhang></tenhang>
            <soluong></soluong>
            <dongia></dongia>
        </hanghoa>
    </hoadon>
    <hoadon>
        <mahoadon>HD01</mahoadon>
        <ngaylap></ngaylap>
        <khachhang></khachhang>
         <hanghoa>
            <tenhang></tenhang>
            <soluong></soluong>
            <dongia></dongia>
        </hanghoa>
         <hanghoa>
            <tenhang></tenhang>
            <soluong></soluong>
            <dongia></dongia>
        </hanghoa>
    </hoadon>
    <hoadon>
        <mahoadon>HD01</mahoadon>
        <ngaylap></ngaylap>
        <khachhang></khachhang>
        <hanghoa>
            <tenhang></tenhang>
            <soluong></soluong>
            <dongia></dongia>
        </hanghoa>
         <hanghoa>
            <tenhang></tenhang>
            <soluong></soluong>
            <dongia></dongia>
        </hanghoa>
         <hanghoa>
            <tenhang></tenhang>
            <soluong></soluong>
            <dongia></dongia>
        </hanghoa>
    </hoadon>
</sieuthi>